<metadata>
	<idinfo>
		<citation>
			<citeinfo>
				<title>Philadelphia PPR Park Boundaries</title>
				<geoform>vector digital data</geoform>
				<origin>Philadelphia Parks and Recreation</origin><pubdate>201302</pubdate><onlink>http://www.pasda.psu.edu</onlink></citeinfo>
		</citation>
		<descript>
			<abstract>The boundaries of large and small parks owned and operated by Philadelphia Parks and Recreation. Last updated January 2012.</abstract>
			<purpose>Boundaries were determined using 1983 survey maps from the Fairmount Park Commission and parcel data provided by the Department of Records and the Philadelphia Water Department. Addresses were matched to PWD Parcel layer or to the Street Centerline hundred address.</purpose>
		</descript>
		<spdom>
			<bounding>
				<westbc>-75.287444</westbc>
				<eastbc>-74.957257</eastbc>
				<northbc>40.138363</northbc>
				<southbc>39.868552</southbc>
			</bounding>
		</spdom>
		<accconst>None</accconst>
		<useconst>The City of Philadelphia makes no representation about the accuracy of any specific information in this GIS data and is provided “as is” and without Warranty of any kind. The user of this data will assume complete responsibility for any and all occurrences resulting from its use or display and will hold the City of Philadelphia harmless from any and all claims, demands, liabilities, obligations, damages, suits, judgments or settlements, including reasonable costs and attorneys' fees, that arise from use of this data.</useconst>
		<native>Microsoft Windows 7 Version 6.1 (Build 7601) Service Pack 1; ESRI ArcGIS 10.0.4.4000</native>
		<ptcontac><cntinfo><cntperp><cntorg>Philadelphia Parks and Recreation</cntorg></cntperp><cntaddr><addrtype>mailing and physical address</addrtype><address>1515 Arch Street, 10 Fl,</address><city>Philadelphia</city><state>Pennsylvania</state><postal>19102-1583</postal><country>United States</country></cntaddr><cntvoice>215-683-0235</cntvoice></cntinfo></ptcontac><timeperd><timeinfo><sngdate><caldate>201302</caldate></sngdate></timeinfo></timeperd><status><progress>Complete</progress><update>As needed</update></status><keywords><theme><themekt>ISO 19115.3 Topic Categories</themekt><themekey>society</themekey></theme></keywords></idinfo>
	<spdoinfo>
		<direct>Vector</direct>
		<ptvctinf>
			<sdtsterm>
				<sdtstype>GT-polygon composed of chains</sdtstype>
				<ptvctcnt>418</ptvctcnt>
			</sdtsterm>
		</ptvctinf>
	</spdoinfo>
	<spref>
		<horizsys>
			<planar>
				<mapproj>
					<mapprojn>Lambert Conformal Conic</mapprojn>
					<lambertc>
						<stdparll>39.93333333333333</stdparll>
						<stdparll>40.96666666666667</stdparll>
						<longcm>-77.75</longcm>
						<latprjo>39.33333333333334</latprjo>
						<feast>1968500.0</feast>
						<fnorth>0.0</fnorth>
					</lambertc>
				</mapproj>
				<planci>
					<plance>coordinate pair</plance>
					<coordrep>
						<absres>0.000000026907964745248598</absres>
						<ordres>0.000000026907964745248598</ordres>
					</coordrep>
				</planci>
			</planar>
			<geodetic>
				<horizdn>D North American 1983</horizdn>
				<ellips>GRS 1980</ellips>
				<semiaxis>6378137.0</semiaxis>
				<denflat>298.257222101</denflat>
			</geodetic>
		</horizsys>
	</spref>
	<eainfo>
		<detailed>
			<enttyp>
				<enttypl>Philadelphia_PPR_Park_Boundaries201302</enttypl>
			</enttyp>
			<attr>
				<attrlabl>FID</attrlabl>
				<attrdef>Internal feature number.</attrdef>
				<attrdefs>ESRI</attrdefs>
				<attrdomv>
					<udom>Sequential unique whole numbers that are automatically generated.</udom>
				</attrdomv>
			</attr>
			<attr>
				<attrlabl>OBJECTID</attrlabl>
				<attrdef>Internal feature number.</attrdef>
				<attrdefs>ESRI</attrdefs>
				<attrdomv>
					<udom>Sequential unique whole numbers that are automatically generated.</udom>
				</attrdomv>
			</attr>
			<attr>
				<attrlabl>Shape</attrlabl>
				<attrdef>Feature geometry.</attrdef>
				<attrdefs>ESRI</attrdefs>
				<attrdomv>
					<udom>Coordinates defining the features.</udom>
				</attrdomv>
			</attr>
			<attr>
				<attrlabl>NAME</attrlabl>
			</attr>
			<attr>
				<attrlabl>Acres</attrlabl>
			</attr>
			<attr>
				<attrlabl>District</attrlabl>
			</attr>
			<attr>
				<attrlabl>ADDRESS</attrlabl>
			</attr>
			<attr>
				<attrlabl>PARK</attrlabl>
			</attr>
			<attr>
				<attrlabl>ZIPCODE</attrlabl>
			</attr>
			<attr>
				<attrlabl>SHAPE_AREA</attrlabl>
				<attrdef>Area of feature in internal units squared.</attrdef>
				<attrdefs>ESRI</attrdefs>
				<attrdomv>
					<udom>Positive real numbers that are automatically generated.</udom>
				</attrdomv>
			</attr>
			<attr>
				<attrlabl>SHAPE_LEN</attrlabl>
			</attr>
		</detailed>
	</eainfo>
	<metainfo>
		<metd>201302</metd>
		<metstdn>FGDC Content Standard for Digital Geospatial Metadata</metstdn>
		<metstdv>FGDC-STD-001-1998</metstdv>
		<mettc>local time</mettc>
		<metc><cntinfo><cntorgp><cntorg>Pennsylvania Spatial Data Access (PASDA)</cntorg></cntorgp><cntaddr><addrtype>mailing and physical address</addrtype><address>115 Land and Water building</address><city>University Park</city><state>Pennsylvania</state><postal>16802</postal><country>United States</country></cntaddr><cntvoice>(814) 865 - 8792</cntvoice><cntemail>pasda@psu.edu</cntemail></cntinfo></metc></metainfo>
	<distinfo><distliab>The USER shall indemnify, save harmless, and, if requested, defend those parties involved with the development and distribution of this data, their officers, agents, and employees from and against any suits, claims, or actions for injury, death, or property damage arising out of the use of or any defect in the FILES or any accompanying documentation. Those parties involved with the development and distribution excluded any and all implied warranties, including warranties or merchantability and fitness for a particular purpose and makes no warranty or representation, either express or implied, with respect to the FILES or accompanying documentation, including its quality, performance, merchantability, or fitness for a particular purpose. The FILES and documentation are provided "as is" and the USER assumes the entire risk as to its quality and performance. Those parties involved with the development and distribution of this data will not be liable for any direct, indirect, special, incidental, or consequential damages arising out of the use or inability to use the FILES or any accompanying documentation.</distliab><distrib><cntinfo><cntaddr><addrtype>mailing and physical address</addrtype><address>115 Land and Water building</address><city>University Park</city><state>Pennsylvania</state><postal>16802</postal><country>United States</country></cntaddr><cntvoice>(814) 865 - 8792</cntvoice><cntemail>pasda@psu.edu</cntemail><cntorgp><cntorg>Pennsylvania Spatial Data Access (PASDA)</cntorg></cntorgp></cntinfo></distrib></distinfo></metadata>
